"","geneID","FLM-ERR225783","iL3-ERR225784","PF-ERR299168","PF-ERR299169","PF-ERR299170","FLF-ERR299171","FLF-ERR299172","FLF-ERR299173","PF-ERR299174","PF-ERR299175","PF-ERR299176","FLF-ERR299177","FLF-ERR299178","FLF-ERR299179"
"1","SRAE_0000000250",0,0,0.0296007648558256,0,0.0332346715548928,0,0,0.0520944755471974,0,0,0,0,0,0
"2","SRAE_0000008800",0,0.177206748982017,0,0,0,0,0,0,0,0,0,0,0.0281133103887026,0
"3","SRAE_0000009200",0,0.358250409572739,0,0,0,0.136328425049593,0.028608070250838,0,0,0,0.0331570566683915,0.0911185097955579,0,0
"4","SRAE_0000009300",0,0,0,0,0.0333443410758327,0.045631776081501,0,0,0.02985026552118,0,0,0,0,0
"5","SRAE_0000012700",0,0,0.0582691616181141,0.104760759064572,0.0681794609028279,0,0.0565276241621879,0.0515370883590842,0.118171572451259,0,0,0.0448962835309953,0.053924407768274,0.0564106749250906
"6","SRAE_0000016250",0.531731211400496,0,0,0,0,0,0,0,0,0,0,0,0,0
"7","SRAE_0000022000",0,0,0,0,0,0,0,0,0,0,0,0,0,0
"8","SRAE_0000024200",0,0,0.0592393920546238,0.0502814601004729,0.0998711024952766,0.091741632602114,0.0287796377391555,0,0,0.0504302993736119,0.0334087209830487,0.0459875402325545,0.0288738311616821,0.15665558936867
"9","SRAE_0000025300",0.455715129187949,0,0.030329082212406,0.0518254858933582,0.0337481872879337,0.0440045290843337,0.0881066967054031,0,0,0,0.0341874773983292,0.172938862489785,0,0.0562532885855616
"10","SRAE_0000028000",0,0,0.0891433594403727,0,0.0664109837765615,0.0452152553830717,0.0289798784766119,0,0.0596155087974547,0.0504275179245612,0.0333117690327968,0,0.0290002629640192,0
"11","SRAE_0000028700",0,0,0,0.0533079954403877,0,0,0,0,0.029723384613116,0,0.0339352431196859,0,0.0267659987856949,0
"12","SRAE_0000044500",0,0,0.0897560838214391,0,0.0666243689850154,0.134775147503669,0.0292623398197053,0,0,0.202635099538023,0.100150845940877,0.0450953494123926,0.0292186228225812,0
"13","SRAE_0000045300",0,0,0.0594109600544321,0.100333452715459,0.0331435493268328,0,0.0579991784288968,0,0.208643036501258,0.0503657116942411,0.0664750804823937,0.0902434398532446,0.0869794005295197,0.0527532798142956
"14","SRAE_0000045400",0,0,0.0592317039468552,0.0502697979599211,0.0332806003880975,0.0458411247452493,0.0287794351661403,0.0520858169462493,0.0296848667590262,0,0.0333983510304074,0.183831136886473,0.115484857877701,0.0522214393359718
"15","SRAE_0000046200",0,0,0,0,0,0,0,0,0.0296571948649634,0,0,0,0,0
"16","SRAE_0000048000",0.277012019332845,0,0,0,0,0,0.0324389396337515,0,0,0,0,0.0485178095429424,0.032326008201586,0.0601432781959979
"17","SRAE_0000048400",0,0,0.0887893634253317,0,0.066335286607449,0,0,0.104323647783093,0.0593606775646035,0,0.0998378631857046,0,0,0.0523419092932604
"18","SRAE_0000048500",0,0,0.0295782617228063,0,0,0,0.0287752966148425,0,0.0889780778793107,0,0.0333076295146208,0,0.0288464128194136,0.0522393716924688
"19","SRAE_0000048800",0,0,0.0581253391750161,0,0.0333811002010559,0.0464073906867189,0.0275482527508341,0,0.0873408623459112,0.0550905954478652,0.0328029231289704,0,0,0
"20","SRAE_0000049000",0.338131933700231,0,0.0601573482660465,0,0.0337650043565958,0.09277139248104,0.146294656167868,0,0.0603219790598395,0,0.0677574148023712,0,0,0
"21","SRAE_0000049100",0,0.139123667379125,0,0,0,0,0.0359180855725195,0,0,0,0,0,0,0
"22","SRAE_0000049200",0,0,0,0,0.066508033357703,0,0,0,0,0.0504866098054315,0,0,0,0
"23","SRAE_0000049400",0,0,0.059328281233608,0.0503000952182651,0.0665724800785794,0.0456862146107558,0.0577273143842295,0,0.0297470725783133,0.0504624667807833,0.0744630913451936,0.0458075181786336,0.0578636832521151,0
"24","SRAE_0000049500",0,0,0,0,0,0,0,0,0,0.0504164034537918,0,0,0,0
"25","SRAE_0000049600",0,0,0,0,0,0,0.0286179917737195,0,0,0.0499391788568517,0.0338784535545299,0,0,0
"26","SRAE_0000049700",0,0,0,0,0.033267542030882,0,0,0,0,0,0.033385020823979,0,0,0.0522211758743818
"27","SRAE_0000050000",0,0,0.0592404675589269,0,0.0332077204218491,0,0.11532520574991,0.260950142453157,0.0297032106634741,0,0.0333234125669274,0.0456439697218913,0.115564505125942,0.261817967241735
"28","SRAE_0000050100",0,0,0.0590864721860307,0.0516063797962145,0.10274808833326,0.0863846527125247,0.0284471588788153,0,0.0583721189120695,0.261899765845435,0,0,0,0
"29","SRAE_0000050200",0,0,0,0,0,0,0,0,0,0.0513911094909628,0.0327883624173705,0,0,0
"30","SRAE_0000050300",0,0,0.0292888592458378,0,0.0326477735099553,0,0.0288184271872727,0,0.0297007829334736,0,0.0658791136956967,0,0.0579241598939589,0.10812898737068
"31","SRAE_0000050400",0,0,0.177661421742356,0.0502713486732333,0.0332858836663726,0.0458820379609701,0.0287668761511346,0.0520618436814767,0.148385145259587,0.100837363221887,0.10021321333701,0.0459986200650736,0.0288633900456587,0.0521914838274642
"32","SRAE_0000050900",0,0.35315467589106,0.0886313086789768,0,0.0664072016049826,0.0572100793603217,0,0.103907875713325,0.0888352840505585,0.0502999103275449,0,0.0917271962833558,0.0309387321975792,0.052087145531967
"33","SRAE_0000051000",0.101449705495095,0.298206739085959,0,0,0,0,0,0,0,0,0,0,0,0.0514880096095206
"34","SRAE_0000051200",0,0,0.0285342200789226,0.159372605696603,0.034022476584122,0.0927893177846593,0,0,0.0586934151676004,0.053844517516223,0.098075930888418,0.0941475547120228,0.026191051013429,0
"35","SRAE_0000051300",0,0,0,0,0,0.0472828738526589,0.0278203828406556,0.0529951286517674,0.0299660097504518,0,0,0,0.0271202412986283,0.0541606823117647
"36","SRAE_0000051450",0,0,0,0,0,0,0,0.0511849901213533,0,0,0,0,0,0.10589387246747
"37","SRAE_0000051500",0,0,0.0294916537049321,0,0,0,0.0288364283773737,0,0,0,0,0,0,0
"38","SRAE_0000051600",0,0,0,0,0.034069065931402,0.0432973324821194,0,0.0540195682796814,0,0,0,0,0,0
"39","SRAE_0000051700",0,0,0.0596164849264017,0,0.066658069364573,0.13094834415123,0.0291190660213357,0,0.0301647266728212,0.0510894334172509,0.0669452035656496,0,0,0
"40","SRAE_0000051800",0,0,0,0,0.0338176858385722,0,0,0,0.029204341126773,0,0,0,0,0
"41","SRAE_0000051900",0,0,0.0895629190422848,0.0506374888105113,0.0333004585656625,0.0877616126284129,0,0,0.121064830038378,0,0.0335536413512096,0.0434520717086945,0.0587274358875724,0.054848612882761
"42","SRAE_0000052300",0.429032230861937,0.215036701698705,0,0.0512630191049168,0.0338664740840774,0.0459324685687009,0.0296487333246653,0,0.0609344976693367,0,0.0679199424624028,0,0,0
"43","SRAE_0000052500",0,0,0.0888754894413011,0,0.0998509664980927,0.0458242811186724,0.028793045537319,0,0.029695472946069,0,0.0334011433246082,0.137823692929779,0.0866455717161259,0.0522504275088496
"44","SRAE_0000052700",0,0.187494357982804,0,0,0,0,0,0,0.0343523762840654,0,0,0,0.0334118430760852,0
"45","SRAE_0000053000",0,0,0.0295960407857216,0,0,0,0,0,0,0,0,0,0,0
"46","SRAE_0000053100",0,0,0.0591920344235469,0,0,0,0,0,0,0,0,0,0,0
"47","SRAE_0000053200",0,0,0.0278590676576701,0.0510760204451151,0,0.183956672306582,0,0.0504373885339646,0,0.0537540009632778,0,0.0478851108378893,0,0.050877670681347
"48","SRAE_0000053300",0,0,0,0,0.0332589212085177,0,0,0,0.0297609352412847,0,0,0.137050617596548,0,0.157435155507351
"49","SRAE_0000053400",0,0,0,0,0.0689514212542742,0.138372170771237,0.0272093534103184,0.254542529917279,0,0.055717391859068,0.131183340094586,0.0965858897252098,0.079485305386792,0.0522913754821625
"50","SRAE_0000053900",0,0,0.029571885328189,0,0.0357522807977921,0,0,0.104590785864572,0,0,0.0331768539369004,0,0.0269775401723557,0
"51","SRAE_0000054000",0,0,0.0595645456671337,0,0,0,0,0.051675478413406,0,0,0,0,0,0
"52","SRAE_0000054300",0,0,0.0298515921188815,0,0,0,0,0,0,0,0,0.0443711782458258,0,0.0537018237393938
"53","SRAE_0000054400",0.381193308650946,0.306880434083951,0.0283766312361137,0,0.0635926330543408,0,0.0278265095514234,0,0,0,0,0,0.0561906351164241,0.0524439856783623
"54","SRAE_0000054500",0.0362043595376918,0.18711578286476,0.0298886540186119,0,0.0670425860106881,0,0.0290872094870527,0,0.0299718359817603,0.10166537938759,0,0,0,0
"55","SRAE_0000054600",0,0,0.0295937870915077,0,0.0661785983487868,0,0.0578192255757698,0,0,0.0507219474883901,0.0332318335978052,0,0,0
"56","SRAE_0000054800",0,0,0,0,0,0,0,0.0520003216152295,0,0,0,0,0,0
"57","SRAE_0000054900",0,0.260634940671991,0.0262057135618122,0,0,0,0,0,0,0.0442462824254696,0.0293243503299694,0,0,0
"58","SRAE_0000055200",0,0,0.0592214044241539,0,0.0331891765868314,0,0.0864762388636979,0.208731946003216,0.0296950320156955,0,0,0.182386973134188,0.115528387357784,0.209441508646508
"59","SRAE_0000055400",0,0,0.0297235107839053,0.0503082597038846,0.0332659046625712,0,0.0289607206823633,0,0,0,0,0.0455687896641358,0,0
"60","SRAE_0000058200",0,0,0.0289508888867883,0,0,0.0447638358958476,0.0280856103075436,0,0,0,0,0,0,0.0560550087364681
"61","SRAE_0000058400",0,0.244200726365255,0.0961891408116325,0,0.0375875641142304,0,0,0,0.0319417590769499,0,0.0370092752215562,0,0,0
"62","SRAE_0000058700",0.138005681653255,0,0.0346895026602281,0,0,0.0550382420125416,0,0,0.106464988758102,0,0.0388129701116879,0,0,0
"63","SRAE_0000058800",0,0,0.029683467669859,0.0500050515393528,0.0330057740334377,0,0.0290368189107055,0,0,0.10045450274606,0,0,0.0289786502417511,0
"64","SRAE_0000058900",0,0,0,0.050022952506836,0,0,0,0,0.0297302376660916,0,0,0,0.0289179673972318,0
"65","SRAE_0000059300",0,0,0.0893823832831713,0.101450087139533,0,0,0,0,0.0604264704958938,0.2042783749419,0,0.0431170142610572,0.0294617874738644,0
"66","SRAE_0000059500",0,0,0,0,0,0,0,0,0,0,0,0,0.0288430710139108,0
"67","SRAE_0000059600",0,0,0.0296577093519006,0.0499683026675821,0,0,0,0,0,0,0,0,0.0289604863130296,0
"68","SRAE_0000059700",0,0,0,0,0,0,0,0,0,0,0.0334205577983032,0,0,0
"69","SRAE_0000059900",0,0,0.0295081690924766,0,0,0,0.028749758032784,0,0,0,0,0,0,0.0522424671491638
"70","SRAE_0000060000",0,0,0,0,0.0332463406219132,0,0,0.0522406204413397,0,0,0,0.0457069644358822,0,0.104825005971024
"71","SRAE_0000060100",0,0,0.0296794350031445,0,0.0665037529064942,0.0455163576789844,0.0577973019182326,0.0523171051098218,0.0595262380429178,0,0,0.182591084392559,0.0579002484995674,0
"72","SRAE_0000060200",0.0353780610730808,0,0,0,0,0.0466421934595252,0.0592653678551241,0.0536466972199613,0,0,0,0.0935596090100926,0.029681800690477,0.161497784308653
"73","SRAE_0000060300",0,0,0.0593930050282231,0.05022765864955,0,0.045244651116532,0.0289508399184246,0.157257644988748,0,0,0,0.0453786310829506,0.0289771637361433,0.0526309592541632
"74","SRAE_0000060400",0,0,0,0,0,0,0,0.0520002947640331,0,0,0,0,0,0
"75","SRAE_0000060500",0,0,0,0.0505318506658712,0,0.135874507515624,0,0,0.0300268480434469,0,0,0.0454367391839402,0.0292080792171056,0
"76","SRAE_0000060600",0,0,0.0295837036228265,0.100437664581381,0,0,0.0574915858689832,0.104049331784035,0,0,0,0,0.028839081112312,0.0521580995386228
"77","SRAE_0000060700",0,0,0.0294203754015892,0,0.0334991329990754,0,0,0,0,0,0,0,0,0
"78","SRAE_0000060800",0,0,0.0295476436321209,0,0.0340488613915121,0,0,0,0.0290424190260357,0.0517329484315492,0.033713807101918,0,0.0278911920660774,0
"79","SRAE_0000060900",0.657663848912804,0,0,0,0,0,0,0.0562157682922479,0,0.052803429501737,0,0.0445132911116043,0.0611482065219767,0.0568021543694584
"80","SRAE_0000060950",0.385632600424068,0,0.0928516272703726,0,0.137973023357682,0,0,0.0565741838654337,0.0315017115070752,0.0529547972653655,0.0349120228189093,0,0.0610383111339024,0.0569300585155333
"81","SRAE_0000061000",0,0,0,0,0,0,0,0,0.0296572625866025,0,0,0,0,0
"82","SRAE_0000061100",0,0,0,0,0,0,0,0,0,0,0,0,0,0
"83","SRAE_0000061200",0,0,0.0289293974414501,0.106867727874875,0,0,0,0,0,0.0540659611688872,0.0329192114810788,0,0.0263661851360793,0
"84","SRAE_0000061300",0,0,0.0592360817019852,0.100564475539597,0,0.0458836057405483,0.0287759290543541,0,0,0,0,0,0,0
"85","SRAE_0000061400",0,0,0.0296529536350699,0,0.0331414650889103,0,0,0,0.0297421686700017,0,0,0,0,0
"86","SRAE_0000061500",0,0,0,0,0,0,0,0,0,0,0,0,0,0
"87","SRAE_0000061600",0.0390476435836326,0,0,0,0.0336074992125325,0.0462817393084757,0.0290671484931582,0,0.119920299302705,0,0.0674528102006676,0,0,0
"88","SRAE_0000061700",0,0,0,0,0,0,0,0,0.0310588450262512,0,0,0,0.0275498124005122,0
"89","SRAE_0000061800",0,0,0,0.0536934295769481,0.0344777992028872,0,0,0,0,0,0.0328255136447733,0,0.0266050642000542,0
"90","SRAE_0000061900",0,0,0,0,0,0.0889846052655066,0,0,0,0.0521210318491112,0,0,0,0
"91","SRAE_0000062100",0,0.177412968016147,0.0294485843405185,0.099956276163791,0,0,0.0286218669707285,0.0518015100359342,0,0,0,0,0.0574197921809689,0.0519404259292419
"92","SRAE_0000062150",0,0.139902438625759,0,0,0,0,0,0,0,0,0.0830563132746207,0,0,0
"93","SRAE_0000062200",0,0.270077605225502,0,0.0469292244893394,0.0306925448993761,0,0,0,0.0839377954998424,0.0468411002501184,0,0.0408906283098881,0,0
"94","SRAE_0000062300",0,0,0,0,0,0,0,0,0,0.0504164297188923,0,0,0,0
"95","SRAE_0000062700",0,0.731354267185493,0.0559376816033517,0,0,0,0,0,0,0,0,0,0,0
"96","SRAE_0000063300",0.642476299077474,0,0.0152367454102523,0,0.0341723208686967,0,0,0,0,0,0.0342898799553612,0,0.0148610944362601,0
"97","SRAE_0000063800",0,0,0,0,0,0,0,0,0,0,0,0,0,0
"98","SRAE_0000063900",0,0,0,0,0.0331119011207568,0,0,0,0,0,0,0,0.0306338712981317,0
"99","SRAE_0000064000",0,0,0,0,0,0,0,0,0,0,0,0,0,0
"100","SRAE_0000064200",0,0,0.0295960172117734,0,0,0,0,0,0,0,0,0,0,0
"101","SRAE_0000064300",0,0.525561167360586,0.027025771751629,0.0913228103393316,0.029863401909817,0,0,0,0,0,0,0,0.0263811706409638,0
"102","SRAE_0000064400",0,0.184509492122318,0,0.04961361832821,0,0.0449945265803059,0.0569920187412415,0,0,0,0,0.045117824012897,0,0
"103","SRAE_0000064600",0.18250658410406,0,0.0573841328076684,0,0,0.0973039443302041,0,0,0.0325360325234677,0,0.036153059587637,0,0,0
"104","SRAE_0000064700",0,0,0.00670218342881442,0,0,0,0,0,0,0,0.0337857470681366,0,0,0
"105","SRAE_0000064900",0,0,0,0,0,0,0,0,0,0,0,0,0,0
"106","SRAE_0000065100",0.646534406548462,0,0.015332986081654,0,0,0,0,0,0,0,0.0345064669613347,0,0.0149549623632879,0
"107","SRAE_0000065200",0,0.00109040250907453,0.0220193395880362,0,0.00659591671527802,0,0,0,0.143571072930444,0.0479573964607777,0,0,0,0
"108","SRAE_0000065300",0.564559532018229,0,0,0,0,0,0,0,0,0,0,0.0634434170753207,0.0696144162665169,0
"109","SRAE_0000065400",0,0.143871522665844,0,0,0,0,0,0,0.0357762013656603,0,0,0,0,0
"110","SRAE_0000065600",0.037002075051597,0,0.0299828434102241,0.0508444397436338,0.0336476818997216,0,0,0,0.0901971182258679,0.0510075982656402,0.0675198428562848,0.0926336793352423,0.0292417939544835,0.0529570279453428
"111","SRAE_0000065700",0,0,0,0,0,0,0,0.0520003400455906,0,0,0,0,0,0
"112","SRAE_0000065800",0,0,0.0300740701024814,0,0,0,0.0291603557414246,0,0,0,0,0.0440039452329374,0.0586363864293983,0
"113","SRAE_0000065900",0,0,0.0592540025970971,0.0501385799716968,0,0,0.057740642217203,0,0.0297157778214058,0,0.0665093333693526,0,0,0
"114","SRAE_0000066000",0,0,0.0288363664452127,0,0.0348630416659475,0,0,0.05099476311576,0,0,0,0,0,0
"115","SRAE_0000066050",0,0.130433760146541,0,0,0,0,0,0.0601532796658692,0.0344163340489214,0,0,0,0,0
"116","SRAE_0000066200",0,0,0,0,0,0.0912725728445514,0,0,0.0298293154227218,0.050558040213479,0.0334419109829383,0.0457654172299893,0.0580282585594026,0
"117","SRAE_0000066400",0,0,0,0,0.0342923192594776,0,0.0591542540913049,0,0,0,0,0.0435196247114415,0,0
"118","SRAE_0000066500",0,0,0,0,0,0,0,0,0,0,0,0,0.0288430375435988,0
"119","SRAE_0000066800",0.0377726978209671,0,0.0599038094746519,0.050809072596226,0,0.0924471011623685,0.203881272327946,0.0527161144883167,0,0,0.0337429968520674,0.278053327009109,0.146027962667611,0
"120","SRAE_0000066900",0,0,0,0,0,0.0915903728872709,0.201516068440279,0.104205381898657,0.0296887201753202,0.0504144785483444,0,0.0918244445160182,0.173252299417464,0.10448811543484
"121","SRAE_0000067000",0,0.244031980869967,0.0468037231863194,0,0,0,0,0,0,0,0,0,0.0721741641892584,0
"122","SRAE_0000067100",0,0,0.0296160364559334,0,0.0664247974238355,0,0,0.0521756999249361,0.0296990685250891,0,0.0333267649481977,0,0,0
"123","SRAE_0000067200",0,0,0.0296841386898042,0,0.0661115590079554,0,0,0.0525688266802525,0.0596160757449041,0.0502760593347468,0.0662619401910129,0,0,0
"124","SRAE_0000067300",0.157644907771177,0,0.0340279708762129,0.0607574778472348,0,0.102401810856383,0,0,0,0,0.0392772798367159,0.103486580407374,0,0
"125","SRAE_0000068300",0,0,0,0,0,0.0457947246552299,0.00123396928268743,0.052126042278489,0,0.100859001739853,0.033396044133769,0,0,0
"126","SRAE_0000068400",0.284739121243486,0,0.0144159378893495,0,0,0.0209438550850788,0,0.0266227102931545,0,0,0,0,0.0285205977903199,0.0543587515181009
"127","SRAE_0000068500",0.0339330156376648,0,0.0153069878224665,0.0258994546672709,0,0.18689350353786,0.0149187204130342,0.0540272556361576,0,0,0.0171770260794161,0.156199309079083,0,0
"128","SRAE_0000068600",0,0.117197500931942,0.092826031654322,0.0552094888076156,0.106243310337494,0.0480948141063871,0.0601179245211986,0,0.0307836161642462,0.114330061838305,0.105437657285753,0,0.0277207405413692,0
"129","SRAE_0000069000",0,0.172706563699693,0,0,0,0,0,0,0,0,0,0,0,0
"130","SRAE_0000069200",0.0395528796486818,0,0.0297145132861818,0.0504488845121747,0.0668073303873301,0.0920932347131757,0.0577351580855067,0,0.0595626724203768,0,0.0335228601493354,0.0461634761101442,0.0289646462362443,0.0523738008272859
"131","SRAE_0000069300",0.757846882616621,0,0,0,0,0,0,0,0,0,0,0.046402039042667,0.0291062006008898,0.0526261476250348
"132","SRAE_0000069400",0,0,0,0,0,0.182821884039406,0,0.052218443763393,0,0,0.0333952282671894,0,0.0867689306642789,0
"133","SRAE_0000070000",0,0,0,0.0516028266422016,0.0333239165700389,0,0.0281565188967063,0,0,0.0512430052878363,0,0.0432534042994459,0,0.0543893178958259
"134","SRAE_0000070100",0,0,0,0.100479382965169,0,0.0889687636782055,0.0584821387139232,0.0529631242817478,0,0,0.0332463332608277,0.0894469852913104,0.0583263744548186,0.0533681401645599
"135","SRAE_0000070200",0,0.412856896247055,0,0,0,0,0.0278661339755283,0,0,0,0.0318618062029275,0.0431659299902767,0,0.050718450495987
"136","SRAE_0000070300",0,0,0.0876778417569693,0,0.199774230387769,0,0,0.053691326649265,0.0577182780017372,0.0502626070684542,0.0676136134852464,0,0,0
"137","SRAE_0000070400",0,0,0.0286089139308313,0.0499261228524497,0,0,0,0,0,0,0,0,0,0.0543078632230732
"138","SRAE_0000070600",0.036246194365868,0.19047553572962,0.0298693880754068,0.101200789732281,0,0,0.0290826749800575,0.052647447985554,0.029954624633592,0.0507704281959894,0,0,0.0291361236586011,0
"139","SRAE_0000070700",0,0,0,0,0,0,0,0,0.0296571789617393,0,0,0,0,0
"140","SRAE_0000070800",0,0,0,0,0,0,0,0,0,0,0,0,0,0
"141","SRAE_0000070900",0,0,0.0291098290254048,0,0.0339497970343568,0,0,0,0,0,0.0333307899518912,0,0,0
"142","SRAE_0000071000",0,0,0,0,0,0,0,0,0.0296572143335398,0,0,0,0,0
"143","SRAE_0000071210",0,0,0,0,0,0,0,0,0,0,0.0332757386138167,0,0,0.0523416488834188
"144","SRAE_0000071450",0,0,0.0295777107187005,0,0.0656262787834488,0,0,0.0527376264005182,0,0,0,0,0.0577630829037201,0
"145","SRAE_0000071600",0,0,0.0593156294194509,0,0.0998939959147134,0.137339452513112,0.0865152445623867,0,0,0.0504696220696174,0.0334142223818307,0.137692475610308,0.115673630904575,0
"146","SRAE_0000071700",0,0,0.0592084862113144,0,0.0998813273455516,0.0459354462615344,0,0.104066943420549,0.118673315505133,0.100838439388336,0,0.0460516700249566,0.028854346650663,0.156467509837139
"147","SRAE_0000071800",0,0,0,0,0,0,0.0574689217024134,0,0,0,0,0,0,0
"148","SRAE_0000071900",0,0,0,0.0502685745429581,0,0.0458739481405369,0.143835440825535,0.052062484320008,0.0593530933871838,0.0504161394473092,0,0.0459903680990298,0.115451508808609,0.0521929968599503
"149","SRAE_0000072200",0,0.116000213521219,0,0.0554131158016171,0.0365211696157915,0.0464166832309151,0.0600655350459906,0.0569986155261581,0,0,0,0,0,0.176103535856623
"150","SRAE_0000072700",0.345103719358866,0.140146074683775,0.0365413757047523,0,0,0,0.0349890527108129,0,0.0398478122167468,0,0,0,0,0.141004893392919
"151","SRAE_0000073000",0,0,0.0291101882682464,0.0500751211164678,0,0,0.0284023577952091,0,0,0,0,0,0.0286315131711627,0.0542371290609483
"152","SRAE_0000073200",0,0,0,0,0,0,0.0290217592615734,0,0.0298251542364846,0,0,0.135394337877892,0.0580237703498656,0
"153","SRAE_0000073300",0,0,0.0887839216685179,0,0.0332691886034922,0,0.0575022341938079,0.104066564433267,0.0296612353411882,0.0503927381243111,0.0667755887852697,0,0.0865434603677639,0.0521625425589955
"154","SRAE_0000073500",0,0.297944631023957,0,0.095014026376441,0.0311766450430274,0.165036390321699,0,0.102305539485903,0.0567897896451096,0.0479311083266409,0,0.0408610911151815,0,0
"155","SRAE_0000073700",0,0,0.0296048016310285,0.100551681429902,0.166469760205731,0,0,0,0,0.050419880641644,0.100240380852812,0.0460506934386718,0.0577099845547638,0.104314865768069
"156","SRAE_0000073800",0,0,0,0,0,0.0461079463298589,0,0,0.029808074292056,0,0,0.0457544628887833,0,0
"157","SRAE_0000073900",0,0,0.0282495697437738,0.0522606293990171,0,0,0,0,0.0589103028423326,0.0536087262068656,0.159747851547033,0,0,0
"158","SRAE_0000074100",0,0,0,0.100501628999387,0.0664908764388723,0,0.0288587468472415,0,0,0,0.100083983019887,0.0914114901201385,0.0578403526974664,0.05241124231483
"159","SRAE_0000074700",0,0,0,0.00947971859598749,0.0668604733824879,0.154101965091274,0,0,0,0,0,0.130480671099498,0.0646530143897257,0.0802588947230208
"160","SRAE_0000074800",0,0.353355827695121,0.0590203123281299,0,0.0663264512291908,0.14612414091946,0.0286756628916312,0,0.0316537570089839,0,0.0665615475705683,0,0,0
"161","SRAE_0000074850",0,0,0,0,0.0328081911876603,0,0,0,0.0599216764667174,0,0,0,0.0289799139874351,0
"162","SRAE_0000074900",0,0,0,0.100218800788253,0,0,0.0290663046429697,0,0,0,0.0331497832117768,0,0,0
"163","SRAE_0000075000",0,0,0.0595930998481963,0.100529599187969,0.0664100057828656,0,0,0.0527445554043194,0.0346304836182097,0.151443557078509,0.0393889645709561,0.0450531092885255,0,0
"164","SRAE_0000075300",0,0,0,0,0,0.274965950853622,0,0,0,0.0505484989939113,0,0.321650888423601,0.0593395785492225,0
"165","SRAE_0000075600",0.0312827623358368,0,0,0,0,0,0,0,0,0,0.0393574195087074,0,0.0324295542253781,0
"166","SRAE_0000075700",0,0,0.0592222203014925,0,0.0332982992927925,0,0,0,0.0593512820586354,0.0504283453183574,0.0334176242306174,0.0460488443871453,0,0
"167","SRAE_0000075800",0,0,0,0,0,0,0,0,0,0,0,0,0,0
"168","SRAE_0000075900",0,0,0,0,0,0.0466332248580897,0,0,0,0,0,0,0,0
"169","SRAE_0000076000",0,0,0,0,0,0,0,0,0,0,0,0,0,0
"170","SRAE_0000076100",0,0,0,0.100812860252248,0.0665493544616327,0.0447588031962907,0,0,0.0300676832801989,0,0.0333766531905125,0.0449484189746871,0.0292312789142216,0.0534662424146871
"171","SRAE_0000076800",0,0,0.02960949268586,0.201044159154098,0.0332757306200928,0,0,0,0.0593559243064245,0.0504105480406737,0,0,0,0
"172","SRAE_0000077000",0,0,0.118479263181939,0.100550351353892,0.0998509720936874,0.0916830764238695,0.115136364974879,0,0.0296890414197308,0,0,0.0459582988264686,0.288753761378348,0.0522306579190312
"173","SRAE_0000077400",0,0,0.0186380428660787,0.0931828360525643,0,0,0,0,0.0511953662829573,0.0404434831291931,0.063081370929668,0,0,0
"174","SRAE_0000078100",0,0,0.0296251735664419,0.0502696266589306,0,0.274708232739809,0.0863962952276656,0,0.0296973577472847,0.0504235942890263,0,0.183607781031918,0.144419540971597,0.0522666180171474
"175","SRAE_0000079300",0,0,0,0.10920899658143,0.0334358347510593,0.0484136788456111,0,0,0.0257680396546795,0.0568328049816562,0.0300773219319354,0,0,0
"176","SRAE_0000079800",0,0.248742161648185,0.0274781540845404,0.128415243851743,0,0.0428713946382279,0.0756042708749064,0,0.0581669347251105,0.0731226694725894,0.0895486055593443,0.12938133168149,0.0413205072778939,0
"177","SRAE_0000079900",0,0,0.0957492037535612,0,0.0350092478244676,0.0902788881577757,0,0.0525360239258499,0,0.0521939275289519,0,0,0.0505420873420888,0
"178","SRAE_0000080050",0,0,0.02925402894976,0,0.0342945129296148,0.0880353856595838,0.144396129459566,0,0.0582866751529863,0.0527648385822906,0.0337668879990234,0.177935935713714,0.0547387329752458,0.112494701496028
"179","SRAE_0000080400",0,0,0,0,0,0.0474762621614842,0,0.0503789880958711,0,0,0,0,0,0
"180","SRAE_0000080600",0,0,0,0.0505467616891278,0,0.0815191118450341,0,0,0.0579979008668137,0,0,0.136184823436298,0.0292262719509376,0
"181","SRAE_0000081400",0,0,0,0,0,0,0.0383147177042582,0.0860531052233574,0,0,0,0,0,0
"182","SRAE_0000081900",0,0,0,0,0,0,0,0,0,0,0,0,0,0
"183","SRAE_0000082000",0,0,0,0,0,0,0,0,0,0,0,0,0,0
"184","SRAE_0000082300",0.236756279864826,0,0.0700607597114416,0,0,0,0,0.0537191647504696,0,0.051886628316783,0,0,0,0
"185","SRAE_0000082600",0,0.35910883260145,0.0749047838706489,0,0.0877506729773498,0.0436307498789327,0.0877157211811257,0,0,0.115776857905983,0.0821459932504784,0.016541926722101,0.0583527012976603,0
"186","SRAE_0000082700",0,0,0,0,0,0,0,0,0,0,0,0,0,0
"187","SRAE_0000529500",0,0,0.0292949206959307,0,0,0,0,0,0.0593466215015361,0,0.0985050497479732,0,0,0.0535692215751795
"188","SRAE_0000529800",0.861375416111135,0,0,0,0,0.0548313380930334,0,0,0,0,0,0,0,0
"189","SRAE_1000000300",0,0,0,0.0543130426564246,0,0,0,0,0,0,0,0,0.0267218429920299,0
"190","SRAE_1000000750",0,0,0,0,0,0,0,0,0,0,0,0,0,0
"191","SRAE_1000006600",0,0.504756780167078,0,0,0,0,0.0310818577727217,0.05743064427276,0.100935022456805,0,0,0,0.0597491309922939,0
"192","SRAE_1000017000",0,0,0.089204977624402,0.100555597285375,0.0664635705306515,0.0452599460789787,0.144990554051834,0.157527470058413,0.089483596487776,0.0504649354885913,0.0666767116453832,0.0907849629098569,0.0870592244508583,0
"193","SRAE_1000020300",0,0,0,0,0.0333956860577556,0.0458577570761006,0,0,0,0,0,0,0,0
"194","SRAE_1000066800",0,0,0,0,0.0326630591251281,0,0,0.052220041111077,0,0,0.0327436388575797,0,0,0.0540174524077778
"195","SRAE_1000072700",0,0,0,0.0505085185778368,0.0329350033279488,0,0,0.0542983825061389,0,0,0.0668502745492958,0.0419758211612849,0.0577916197292736,0.0552628005930684
"196","SRAE_1000100500",0,0,0,0,0,0,0,0,0,0,0,0,0.0288430856938609,0
"197","SRAE_1000140200",0,0,0.144520307672057,0,0.123783141250648,0,0.0677342937634894,0.120213278437045,0,0,0.119624953408644,0.0571400549091163,0.0680811366459489,0.0611149542552912
"198","SRAE_1000148500",0,0.371440610939058,0,0,0,0,0,0.23173026556335,0.0332090580994152,0,0,0.0504676730714607,0.0606161394170315,0
"199","SRAE_1000170900",0,0,0.0593878237189808,0.100683835511151,0,0.0456932539492581,0,0,0.0893319787560836,0,0.0334207735732552,0.0916302199943463,0.0579260722098968,0
"200","SRAE_1000194000",0,0.248672766647187,0.096146641911555,0,0.0316809377403987,0.118124058801337,0.0559943813135396,0,0.0666253116032425,0.0483367454628951,0,0,0.0557183977760462,0.0512610742233857
"201","SRAE_1000224700",0,0,0,0,0.0591781738943355,0.0881262336697474,0.118179750685159,0.119049194604491,0,0,0.0336068082283434,0.131524886407737,0.0587563438388901,0
"202","SRAE_1000254100",0,0.359862566690302,0.0294566739026724,0,0.0661450869485539,0.136412150592901,0.0859279715581767,0.0518412858935661,0,0,0,0.0911750073102942,0,0
"203","SRAE_1000273800",0,0.164066275935784,0.0589229218364016,0,0,0,0.0289470968288848,0.0541555523216077,0.0291860388952607,0,0.0342680535800711,0,0,0
"204","SRAE_1000280000",0,0.180335675486321,0,0.099959622543433,0.0661537165791609,0,0.0286509409431324,0.0518566006548285,0,0,0.0663843391352657,0.0455847574113848,0.0287292529794652,0.0520078562659187
"205","SRAE_1000300100",0.0374500231849551,0,0,0.0524981515536339,0,0,0,0,0,0,0,0,0.0302072990509346,0
"206","SRAE_1000305300",0,0,0,0.105192513364247,0.0339653378044012,0.0880364436125438,0.0573969553496285,0.105099975707135,0,0,0.0336675277354337,0.0440859490550364,0.109683494964304,0.0554362075478132
"207","SRAE_1000322700",0.0755189856486938,0.363318788217554,0,0.10103369410127,0.0334341238058739,0.0459734115907345,0.0289529281312299,0,0.0597029261068572,0,0.0335509579814203,0.0921826315747578,0.116136157905942,0
"208","SRAE_1000332800",0,0.267089700951934,0.188055813888829,0.108676738662437,0.0356878552983269,0,0,0,0.0308975918645497,0,0,0.0454006770836202,0.0606375065714615,0
"209","SRAE_1000353400",0,0.362686752519286,0.0307920836345534,0,0.0375522959617195,0.0491838670757933,0.0289388926717182,0,0.0311707838434458,0,0.0349488806459493,0,0,0.056338195682797
"210","SRAE_2000000100",0,0,0.0278340097686062,0.0436704990914764,0,0.103045653935464,0.0964211711910664,0.134965508349878,0,0.0532229936335589,0.0344169298327238,0.088445784331614,0.0580411050058611,0
"211","SRAE_2000000500",0,0,0,0,0,0,0,0,0,0,0,0,0,0
"212","SRAE_2000002900",0,0.369739529394306,0,0.0485120363652854,0,0,0,0,0,0,0,0,0.0279456007491475,0
"213","SRAE_2000045000",0,0,0,0,0,0.182929294549705,0.115260430203181,0.052153781032369,0,0,0,0.0458498456926586,0.0577885870749087,0.0523055583084342
"214","SRAE_2000048450",0,0,0.0281791020226212,0.157931036581423,0.111398586973184,0.0484164091775396,0.025667084411001,0.0531477546962067,0.0842956763302312,0.221597425000965,0,0,0.0268780279517926,0.0511672603441432
"215","SRAE_2000048500",0,0,0.178021871112915,0.155798621463409,0.202501726741223,0.0438663565946041,0.0285630913515301,0,0.231364739085127,0.0518414693451546,0.100621750601584,0,0,0
"216","SRAE_2000087300",0,0,0.0593104587271073,0,0.106695114461898,0.045807323345707,0.0288313192220512,0,0,0,0,0.0918494308319339,0.0289143229641272,0
"217","SRAE_2000094400",0,0,0.0598189298281735,0,0,0.0882663863191293,0.0285269079702649,0,0,0.0523665141620443,0,0.0443488622911957,0.0564654548559002,0.055474253994067
"218","SRAE_2000098600",0,0.121160038600109,0.0307949841990853,0,0.0366292922046826,0.14919530217681,0.0294841808419438,0.109553911311813,0,0,0.0700841833610863,0.101848098706032,0.0280664765416911,0
"219","SRAE_2000110700",0,0,0.117901717688397,0,0,0.14256910792197,0.189172709666998,0.052322636096529,0.117131908891259,0,0.0334309207033493,0.0501932844435793,0.0539174725708703,0.160754992524035
"220","SRAE_2000125900",0,0,0,0,0.0335715559673718,0.0430332640990678,0,0,0.0875466792329058,0.101421611364835,0.0340319816447334,0,0,0.0549073210124113
"221","SRAE_2000126200",0,0,0,0,0.032889825876981,0,0,0,0.0300279406355206,0,0,0,0,0
"222","SRAE_2000128200",0,0,0,0,0.0332594300018978,0,0,0,0.0297112942899674,0,0,0.045804937451293,0.0577965539860612,0.0523255475436446
"223","SRAE_2000143300",0,0,0.0297173229617702,0,0,0.135120460759954,0.145028340653151,0.0525237785894318,0,0,0,0.135535409707086,0.145030708158788,0.0527615322178614
"224","SRAE_2000202700",0,0.258645690548783,0,0,0.0390971407046296,0.106165067049833,0,0,0,0,0,0,0,0
"225","SRAE_2000242300",0,0,0,0,0,0,0,0,0,0,0,0,0,0
"226","SRAE_2000243800",0,0.176824866314323,0.0598773638568561,0,0.0346994622179634,0.0457147619410212,0.0307349959171607,0.0519342511069084,0,0.0514179382296524,0.0666073466431095,0,0.0575758018569736,0.0543572767797292
"227","SRAE_2000257900",0,0,0.0376890107201996,0,0,0.0455532221144437,0.0324480519539704,0,0.0297911008657029,0,0.0120954718343533,0.0555104215160067,0.0356184842256634,0
"228","SRAE_2000290200",0.504846826418824,0,0,0,0.0361660626429734,0,0.095729005413566,0,0,0,0.0362431109627341,0.14601169957244,0.0317866265459657,0
"229","SRAE_2000360450",0,0,0,0,0,0.0440548478401674,0,0,0,0,0,0.0438302219362324,0,0.0573080975690068
"230","SRAE_2000389000",0,0,0.0593479281173986,0.150818260585223,0.0665090108096675,0.0455429921615246,0.0288901991796163,0,0.0595161360977683,0.0504409528127815,0.0333663333645325,0.137014210256516,0.0289447906331702,0.05247898650962
"231","SRAE_2000392800",0,0,0,0,0,0,0,0,0,0,0,0,0,0
"232","SRAE_2000405900",0.0794883600748536,0.316049159979504,0,0,0,0.0440311331469985,0,0,0,0,0,0.0876191555651157,0,0
"233","SRAE_2000412500",0.0250083425238639,0.131839178714248,0.0709634114238644,0,0,0,0.0345923676289331,0,0,0,0,0.0531400088277368,0.0661049679533334,0.200463908905949
"234","SRAE_2000420200",0,0.539095158352403,0.0293012823396911,0,0,0,0,0,0,0,0.0330065413981781,0,0.0571467549474681,0.0517268745255155
"235","SRAE_2000423800",0.359364756798109,0.1884995509789,0,0.0507482760357496,0.0335743813785713,0.0460295466603526,0,0,0,0.0509220564311185,0.101074341948175,0.0461554923326467,0.0584144448894167,0
"236","SRAE_2000425650",0,0,0,0,0,0,0,0,0,0,0,0.0922104779822495,0,0
"237","SRAE_2000425700",0,0,0,0,0,0,0,0,0,0,0,0,0,0
"238","SRAE_2000425800",0,0,0.0296742960716927,0.0499660639898247,0,0.0443257606245392,0.0581378679446829,0.10529102323042,0.0298020237120546,0,0.0330864956046792,0,0.05797758000342,0.106049056214244
"239","SRAE_2000427900",0,0,0,0.0511040285497834,0.0339454039637913,0.0438125657529894,0.0564969503853735,0.0511055710062184,0,0.0523430001906431,0.0331792234672213,0.04386335595964,0,0.0559491728987524
"240","SRAE_2000430900",0,0,0,0,0.0667512152257368,0,0,0,0,0,0.0334891101606277,0.0459069171102776,0,0
"241","SRAE_2000432200",0,0.181005987124396,0.0294024530684456,0.0997474430845303,0.13202069530966,0,0,0,0.0884449483108979,0.150088051698345,0.198696954332821,0,0,0
"242","SRAE_2000436700",0,0.187500786780989,0.0290262879973183,0,0.0325047079526938,0,0,0,0.08733189616852,0,0,0,0.0283142713781059,0
"243","SRAE_2000436900",0,0,0.0288244230150259,0.0535037585141529,0,0.0472892970846724,0.0270227230902639,0,0.058654934368513,0,0.0331450060249415,0.100421774167466,0.0813041026919346,0
"244","SRAE_2000437500",0,0,0.0296575240949527,0,0.0664836728831846,0,0,0,0,0,0,0.0456689042696675,0.0867830347720402,0.209773103771646
"245","SRAE_2000446900",0,0,0,0,0,0,0,0,0,0,0,0,0,0
"246","SRAE_2000450100",0,0.540627163771055,0.0291562444159721,0,0,0,0.0283647358694356,0,0,0,0,0,0.0568695929007615,0
"247","SRAE_2000450200",0,0.270851512372771,0.0557114435591575,0.0941272952469277,0,0,0.0272493021146222,0,0,0,0.0311254554884943,0.0410078003704108,0,0.101130134929752
"248","SRAE_2000455400",0,0.508535956569601,0,0,0,0,0,0,0,0,0,0.0553613938925287,0,0.0599451586070967
"249","SRAE_2000457800",0,0.364136698391632,0,0,0.0988887073188462,0.0452510423564025,0.0285790673243718,0,0.0589102393438402,0.04997039288714,0,0,0,0.0518829296604936
"250","SRAE_2000459500",0,0,0,0,0,0.0457655692814043,0,0,0,0,0,0.0458886327127073,0.0289510366079126,0.104842314664217
"251","SRAE_2000459600",0.342744263581542,0,0,0,0,0.061312793279026,0,0.0684765154637169,0,0,0,0,0,0
"252","SRAE_2000459700",0.387098087153491,0,0,0,0,0.0930348967368601,0.0585119474934961,0,0,0,0.0339234652633378,0.0466364181551745,0,0
"253","SRAE_2000459800",0,0,0.118470543303445,0.100531617671471,0.133101305529862,0,0,0,0.0890636855758787,0.151252601537501,0.0667856267058691,0,0,0
"254","SRAE_2000462000",0,0,0.0296534742246427,0,0.13305883897725,0.136928342557653,0.0288574767619505,0,0.0594724853142353,0.100874470695671,0.13351291381069,0.137293124042206,0.057845868183429,0.052393388346603
"255","SRAE_2000463050",0,0,0.0295777563957164,0,0,0,0,0,0.0296581259618057,0.100650801500457,0,0,0.11538679087982,0.0522333448722692
"256","SRAE_2000463650",0.0743562678599333,0.18658937804643,0,0,0,0,0.0293098951842501,0,0,0,0,0,0,0
"257","SRAE_2000463900",0,0,0,0.0502383563799325,0.0328567758287207,0.0876398270270441,0.0290873889347133,0,0.029952136147176,0,0,0,0.0290255012629499,0.161927385496127
"258","SRAE_2000465600",0,0,0.270754569726091,0.0518628688767812,0.134969646826059,0.043390494879471,0.0292674350915304,0,0.119385204017667,0.154859593280261,0,0.0430725193609547,0.0588983835224075,0
"259","SRAE_2000467200",0,0,0.0303309071380385,0,0,0.0450202511857179,0.058495456416699,0,0,0,0,0.0451618687753268,0,0
"260","SRAE_2000469500",0,0,0,0.100544724854733,0.0332761040640558,0.0915728421230778,0,0,0.0296991022090819,0.0504263439442895,0.200358594254002,0,0.0288856162841765,0.104539940227133
"261","SRAE_2000471200",0,0,0,0.0503085767113242,0.0332917763783278,0,0,0,0.0297411818358907,0,0.0334035178673121,0.0458468157776034,0.028927438133641,0
"262","SRAE_2000473800",0,0.379398556537103,0.0585390814081499,0,0.0327724157587587,0.0448002133388798,0.0285115192306639,0,0,0.0497258838364805,0,0,0.0571050681277364,0.0518020236291471
"263","SRAE_2000474450",0,0,0,0,0,0,0,0,0,0,0,0,0,0
"264","SRAE_2000477200",0,0,0.0296719208536368,0.100687692726386,0.0999646908642253,0.0458343475799985,0,0,0,0.0504992409161178,0.1003150667714,0.0459516884758386,0,0
"265","SRAE_2000477350",0,0,0,0,0,0,0,0,0,0,0,0,0,0
"266","SRAE_2000478200",0,0,0.0296916667762457,0.100521615110679,0.0664682862745381,0.0453987853715077,0.1157095789613,0.0523767464167947,0,0.0504338339155655,0.0666766764784263,0.091071875966483,0.144830250873675,0.0525637984099713
"267","SRAE_2000478750",0,0.183690797394183,0,0,0,0.0443117820003239,0,0,0,0,0,0,0.0281622965841408,0
"268","SRAE_2000482200",0,0,0,0,0,0,0,0,0,0,0,0,0,0
"269","SRAE_2000485700",0,0.202021373881243,0.0302599042700664,0,0,0,0,0,0.0302535563452299,0,0,0,0.0294972127230065,0.109948992473158
"270","SRAE_2000486200",0,0,0,0.0512061096822524,0,0,0,0,0,0,0.0335400937862344,0,0.0603632626293562,0
"271","SRAE_2000491100",0,0.850855930340934,0.0279909198410758,0,0,0.0419937778858089,0,0,0.0562067696894559,0,0,0,0,0
"272","SRAE_2000494100",0.452552842491232,0.187492412848899,0,0,0,0,0,0,0,0,0,0,0,0
"273","SRAE_2000498400",0.16266490095168,0,0,0,0.171147613070422,0,0,0,0,0,0.00516715152729594,0.00761573037365767,0,0.322507606007267
"274","SRAE_2000504350",0.0244840974042403,0.247966986313615,0.0337120951301994,0,0.155484840107414,0,0.0328935579598723,0.060152678297323,0.0671754291873619,0.120892984872647,0,0.101418726680718,0.0627200632830429,0.0635557413715113
"275","SRAE_2000505300",0,0,0,0,0,0,0,0,0,0,0,0,0,0
"276","SRAE_2000506600",0,0,0,0,0.066523862679171,0.0913970849080909,0.0864629815115055,0.104329629597032,0.0297102215875726,0,0,0.137463261838671,0.0577942264915111,0.156952686903527
"277","SRAE_2000507650",0.494995895746253,0,0,0.0511966655456599,0.0677648453286491,0,0,0,0,0,0.068001219275137,0,0.0294281853154345,0
"278","SRAE_2000511700",0,0,0,0,0,0,0.057058611128644,0,0,0,0,0,0.0474416718552683,0
"279","SRAE_2000512000",0,0,0.0295978124769496,0.100382699700549,0.0332155881790855,0,0,0.0521216959985214,0,0.100705147120982,0,0,0,0.052276969232623
"280","SRAE_2000522400",0,0,0,0,0.0670393346708727,0,0.0571727113640471,0.107178785047727,0,0,0,0.0426423414734338,0.0854300922557881,0.166302155853544
"281","SRAE_2000522450",0,0,0,0.0504970540310563,0,0,0,0,0,0,0.0998237741300086,0,0,0
"282","SRAE_2000522550",0.41389094765862,0,0.0323955847633124,0,0.0361152713359892,0,0,0,0.0325153051850631,0,0,0,0,0
"283","SRAE_2000523200",0,0,0.0295819642217491,0,0.0328423026139411,0,0,0.0526669989328981,0,0,0,0,0.0288902099675653,0
"284","SRAE_2000525000",0,0,0.0292367129085504,0.151207928312745,0.0327921585508552,0,0,0,0.0290060105650619,0.0501663382615214,0,0,0,0.10990760285964
"285","SRAE_2000525200",0,0,0,0.0538138091932175,0.0170156716512234,0,0.0280848756062437,0.0258883124088241,0.0148403113843473,0,0.0501628964603198,0.0236797496289372,0.013222511138443,0
"286","SRAE_2000525900",0,0,0,0.0538138091932175,0.0170156716512234,0,0.0280848756062437,0.0258883124088241,0.0148403113843473,0,0.0501628964603198,0.0236797496289372,0.013222511138443,0
"287","SRAE_2000526100",0.347779645129574,0,0.0302491259340868,0.204882910797388,0,0,0.0294626613638534,0.106681317968202,0.0303370724641267,0.102788351668818,0.067973296994935,0,0.0295071130255224,0
"288","SRAE_2000526400",0,0.36447293901933,0,0.0584215679846389,0,0.0488936334148417,0,0,0,0,0.0373965074356039,0.0489688620619202,0,0
"289","SRAE_2000527900",0,0,0,0,0,0,0,0,0,0,0,0,0,0
"290","SRAE_2000528000",0,0,0,0,0,0.0453632925860507,0.0291319347587706,0,0,0,0,0,0,0
"291","SRAE_2000529100",0.670015396376127,0.200966003352729,0,0,0,0,0,0,0,0,0,0,0,0
"292","SRAE_X000026400",0,0.607481724130316,0.0145517994752855,0,0,0,0.0568110230954034,0.0514389959892607,0,0.0493593095556751,0.0325872282682897,0.0442655847173622,0.0568126779156586,0.0774971939067998
"293","SRAE_X000026500",0,0.863531733843532,0,0,0,0,0,0,0,0,0,0,0,0
"294","SRAE_X000026800",0,0,0.0148733755291458,0,0,0,0,0,0,0.050450086817631,0,0.0452437972112468,0,0.0792097822257992
"295","SRAE_X000028833",0,0,0,0,0,0,0,0.0520002966642253,0,0,0,0,0,0
"296","SRAE_X000028866",0,0.245882177900742,0,0,0,0,0.0316397263398152,0,0,0,0,0.0995706974883745,0,0.0631752676414641
"297","SRAE_X000031600",0,0.409174615276702,0,0,0,0.088147234617277,0.0568299471626447,0,0.0292051577615994,0,0.0651349797321404,0.0884241821618635,0.0568172960402758,0.0516898029543288
"298","SRAE_X000031700",0.111803389945539,0,0.0617504690116802,0,0.03438867553584,0,0.0305711200624813,0.0564230728591153,0.0939609412492914,0.0528692978363523,0.034689862199638,0,0,0.113485671941614
"299","SRAE_X000032850",0,0.261239654081139,0,0,0,0.0468195006609044,0,0.11682794610115,0,0,0,0.0934861124587237,0,0.0607381328173463
"300","SRAE_X000033500",0,0,0,0,0,0,0,0,0,0,0,0,0,0
"301","SRAE_X000033700",0,0,0,0,0,0,0,0,0,0,0,0,0.086529309331534,0
"302","SRAE_X000033800",0,0.223967442707856,0.0290011337806563,0.0488555853895042,0.0322470702858546,0,0.0851080486107565,0.0513933823743729,0.0291177503616011,0.0490726775154709,0,0.174455466355678,0.0566248510335799,0.103445450202015
"303","SRAE_X000038200",0,0,0,0,0,0,0,0,0,0,0,0.0452035587801687,0,0.0531571588122612
"304","SRAE_X000038700",0,0.433293323896074,0,0.0594704106998092,0.109314725439267,0.0418320683269473,0.0644111242894098,0,0,0.099829019242219,0.0332011810141971,0.0416187758830487,0,0.10883291813277
"305","SRAE_X000039900",0.457394954896378,0.195097883513785,0,0,0,0.0465158101186792,0,0,0,0.0515813958396475,0,0,0,0
"306","SRAE_X000051600",0,0,0.0895690564355042,0.0503655676964335,0.0998149378199813,0,0,0,0,0.202330085714952,0.0333464495671169,0.0451435317034837,0.0291472750941781,0
"307","SRAE_X000051800",0,0.368344880646326,0.0375792108468676,0.0994561034153557,0,0,0,0,0.029422775090866,0.0498973166707446,0.099047186007196,0,0.0858502663680109,0.0518568666349721
"308","SRAE_X000058600",0,0,0,0,0,0,0,0,0,0,0,0.0461052827756163,0,0
"309","SRAE_X000065400",0,0,0,0.0257438519946677,0.0339329119336549,0,0.0558875418027871,0.0530720684280431,0.028650432760902,0,0,0,0,0
"310","SRAE_X000065500",0,0,0,0.0259988681692112,0.0685381808343451,0.217435223356177,0.282206227372636,0.0535977953421208,0,0,0.0336442201726973,0.0435954544100161,0.141248844413686,0.0550991048610867
"311","SRAE_X000067600",0,0,0,0,0,0.0912137927001903,0.0288961092426812,0,0,0,0,0.0457320459305246,0.0579099491986426,0.0524830248847326
"312","SRAE_X000072050",0.13492706250399,0,0.0608648204074525,0.0514916201480889,0.034045424110287,0.0464461677012599,0,0.107414057613033,0.0305264859321415,0.103340407060924,0,0.139745589271105,0.0296920466898844,0
"313","SRAE_X000074900",0,0,0,0,0,0,0,0,0,0,0.0334986531889574,0.0919954686216984,0,0
"314","SRAE_X000075500",0,0.178292251295482,0,0,0,0,0.171588926338552,0,0.0294900562903995,0,0,0.227892538648387,0.0860470844092231,0.103805623602339
"315","SRAE_X000077900",0.381094037472668,0.217642186144528,0,0,0.0308423058957328,0.079322525278567,0,0,0,0.0943668010101334,0,0,0.0269181840140446,0
"316","SRAE_X000094550",0,0.366262551263217,0,0,0.0330169533504106,0.0453122639403361,0.0572751882272074,0,0.0295111863163442,0,0.0993888727330988,0.0454327595010486,0,0.103984393642937
"317","SRAE_X000095200",0,0,0.0446697755689873,0,0.0650365447356843,0,0,0,0,0.441828167369585,0,0.1307307676415,0,0
"318","SRAE_X000095400",0,0,0,0,0,0,0,0,0,0,0,0,0,0
"319","SRAE_X000100300",0.113388633244535,0,0.0600979530078972,0,0,0.0463593132203494,0.0292215981129749,0.105779183703182,0,0,0,0.046483181071255,0.0586016065501477,0
"320","SRAE_X000101400",0,0,0.0882228449193968,0,0.0336581733661909,0.0457098213800185,0,0.0510255305013673,0.0292570752677445,0.0543300812716654,0,0.0902952111848989,0.0263460857934691,0.112664832624432
"321","SRAE_X000104800",0,0.269009352854466,0.139545960600687,0,0.0624400203801312,0,0.0814172477888201,0,0.0279716004705559,0.0479696349639447,0.0948282829476441,0,0.0276078494184569,0
"322","SRAE_X000108550",0,0,0,0,0,0,0,0,0,0,0,0,0,0
"323","SRAE_X000117200",0,0.247674136538328,0.0303478019592556,0,0.036964265922103,0.0497885498686278,0.0569017633633555,0.0548910354298842,0,0,0,0.0528646285051134,0.0570673650763354,0
"324","SRAE_X000130600",0,0,0.0288868011221569,0.154792192096995,0.33381610236639,0.0445058271719536,0,0,0,0.108206381637913,0.231537052950813,0.044764333424565,0,0
"325","SRAE_X000132300",0,0,0.210137267121501,0.050632110195389,0.0666548636840124,0.0889811687273746,0,0,0.181622340466303,0.101792249847969,0.0669285760616752,0.0444275974622118,0.0293677571211762,0
"326","SRAE_X000133350",0,0,0,0,0,0,0,0,0.0300280734841567,0,0,0.0455370413285075,0,0
"327","SRAE_X000134700",0.0368134601814479,0,0.209643146881058,0.101567330538465,0.100819760452528,0.0461275568375043,0.116561473743179,0,0.030032607140521,0.0509475409069843,0.0674364338317845,0.0462500145163838,0.058419147581564,0.0529033145520724
"328","SRAE_X000138100",0,0,0.0593929956967193,0.0507871474906698,0.0664081827670523,0.173943263070451,0,0.0541852612936827,0.0300516456762476,0,0.0666942405644882,0.128326149541693,0.0294086601206654,0.0549949176441417
"329","SRAE_X000140600",0.0564654655610341,0,0.0624783387560296,0.105231939680306,0.0347332554445289,0.0467207821138051,0.0305944731312981,0,0.062771177588017,0.0528757894175286,0.0348397014675139,0,0,0.111619814825947
"330","SRAE_X000141000",0,0,0,0,0,0,0,0,0,0,0,0,0.0576861208668193,0
"331","SRAE_X000141100",0,0,0.0298333587677664,0,0,0.045061794337812,0,0,0,0.0505647424438538,0,0,0.0291192451751995,0
"332","SRAE_X000141200",0,0.178091604557059,0,0,0.065555007764661,0,0,0,0,0.049678960960154,0,0,0,0
"333","SRAE_X000141300",0,0.261483442660282,0.0242415595951014,0,0,0,0.0475106313306068,0,0,0,0,0,0,0
"334","SRAE_X000141400",0,0,0.0477733191780776,0,0.0338129451341186,0,0,0,0,0,0,0,0,0
"335","SRAE_X000142900",0,0,0.029603756444482,0.0502301379459135,0.0332470822252539,0,0.086339727934282,0,0,0.0503848056721969,0.13345449290908,0,0.0577272828826739,0.0522344521214957
"336","SRAE_X000143300",0,0,0.059289699741363,0,0,0.137405914042386,0.0288197151681765,0.208642196033747,0,0.100909583413078,0.0334101868958193,0.0918388170649254,0,0
"337","SRAE_X000146950",0,0,0.0295821576020346,0.0516743682241026,0.0342943436233605,0.043249186038659,0,0,0.0292245541884645,0,0.0343062852804471,0,0.0287045543934944,0
"338","SRAE_X000147100",0,0.668482267594595,0,0,0,0,0,0,0,0,0,0,0,0
"339","SRAE_X000153200",0,0,0.0592838677199222,0.0502815584933527,0.066551903811936,0.137198240773332,0.086476649190509,0.104345334798727,0.0297171852694964,0.0504396002684483,0.066780435829475,0.0917100755230982,0.0867112765318538,0
"340","SRAE_X000159000",0,0,0,0.0503127269095361,0,0.0915391892816566,0.144211264851976,0,0.0297348463470302,0,0.0334131239747613,0.137661067598199,0.0578417356287027,0
"341","SRAE_X000160200",0,0.37454168598767,0,0.180106079473709,0,0.0502443444567681,0,0,0,0,0,0,0.0312994975169899,0
"342","SRAE_X000161500",0,0.280872075337797,0.0612029987320987,0.0527049975067348,0.0693399634109343,0.044288509347188,0.0590701290423082,0,0.0298829925431009,0.104740251053516,0.0698515729820716,0,0.0296289583736337,0
"343","SRAE_X000163500",0.441116962712066,0,0,0.0574183985156572,0.148089270884462,0,0.0314241412946239,0,0.126828520784924,0.0570630264330205,0,0,0,0
"344","SRAE_X000168650",0,0,0,0,0.102831613615694,0.044522790329544,0.0578836468773253,0,0.0880162204762039,0,0.0339708907937213,0.0442845409446985,0.0274285321797937,0.113501965175958
"345","SRAE_X000169000",0.250668930783714,0.299596900304615,0.0594071523828932,0,0,0,0,0.0536416197171782,0,0,0,0,0,0
"346","SRAE_X000169200",0,0,0.0296613646491823,0,0,0,0.0288148794521998,0,0.0295094972558554,0,0,0,0,0
"347","SRAE_X000169300",0.064152141369468,0,0.047471573755951,0.0411505025024346,0,0,0,0,0,0,0,0,0,0
"348","SRAE_X000169400",0,0,0.0295434402853548,0,0.0663295388792017,0.08605359576139,0,0,0.0295858458356242,0,0.100473450454326,0,0.0292297316170081,0.0554222352112511
"349","SRAE_X000173250",0,0,0,0,0,0,0,0,0,0,0,0,0,0
"350","SRAE_X000177100",0,0,0.0592876370764155,0.0501887952197937,0.199137559209905,0.0453657034787289,0.0866263412688826,0.104562177231216,0.0297310058179004,0.100720126928914,0.0332960162308607,0,0.0867531423549389,0.104933589405934
"351","SRAE_X000180000",0,0.340513619278369,0,0,0,0.0469087087113604,0,0,0,0,0,0.0458551251585273,0,0
"352","SRAE_X000180100",0,0,0.0291885582372686,0,0.0327600289582321,0,0.0286030415148452,0,0,0,0,0,0,0.0539733754727683
"353","SRAE_X000180200",0,0,0.0891613489623488,0.0503130666306449,0,0.045460412073411,0.0579065609281709,0,0.178852190655811,0.0504858459642913,0.0667495454388922,0.0911907833444577,0.0869804793838267,0
"354","SRAE_X000180400",0,0,0.0592735281916415,0,0.0332387832409805,0,0,0,0.02971921045633,0.100808465920511,0,0.0457146813118944,0.0578130238430113,0.104747400937781
"355","SRAE_X000180500",0,0.297713374477486,0.0275289712321495,0.046994812196535,0.0616930089890876,0.040276553662985,0.0269952826520636,0,0.0558606796494026,0,0,0,0,0
"356","SRAE_X000180600",0.0357525422229948,0,0.0716139176824402,0,0.0339918736825476,0.0465527627491135,0,0,0.0608357165835063,0,0.0341061253818795,0.046684040317422,0.0591728694611711,0
"357","SRAE_X000183600",0,0,0,0.0500735767741439,0,0,0.057581341598879,0.052122325568374,0.0592991701509477,0,0,0,0,0
"358","SRAE_X000199800",0,0,0,0.050263040779449,0,0.130523448816833,0.0874658294661566,0.0538348106801381,0,0.0503592536331082,0,0,0.116374809883481,0
"359","SRAE_X000199900",0,0.179437802639406,0,0,0,0,0.0283766001314908,0,0,0,0,0,0.0284497809968064,0.0515089736985965
"360","SRAE_X000200000",0,0,0.0889156737078253,0.0502944599157832,0.0332916885395354,0.0458152934879791,0,0.0521431247876592,0.0594203825013868,0,0.0334088566402117,0.0918647421846084,0.057792703512966,0
"361","SRAE_X000201300",0,0,0.0879889834298471,0,0,0,0,0,0.0299269195530616,0,0,0,0,0
"362","SRAE_X000204300",0,0,0.0888714368001863,0,0.033243057248593,0,0.0576455644065516,0,0.0297060211771315,0,0.033353802396313,0.0457548621047084,0.0288918496196988,0.0523256457362655
"363","SRAE_X000208700",0,0.289264146670746,0.0278847112881327,0,0,0.0813600924091049,0.108559520533441,0.101657958514491,0.056198512518666,0,0.0313691628553674,0,0.11027351798183,0.0516952794048062
"364","SRAE_X000212400",0,0,0.0595815392209206,0.0503652378940021,0.0998622858902299,0.0906349140175723,0,0,0.0745736722554452,0,0.0333939205511268,0,0,0
"365","SRAE_X000218400",0,0,0,0,0,0,0,0,0.0296573002577851,0,0,0,0,0
"366","SRAE_X000218500",0,0,0,0,0,0.0923418963838693,0,0,0,0,0,0.0459239710427203,0,0
"367","SRAE_X000218700",0,0,0.176708264725995,0.0508138737476162,0,0,0,0,0.0293141328522566,0,0.0672397022025574,0,0,0
"368","SRAE_X000221500",0,0,0.0297854577448258,0,0,0.172957404979715,0.0290563318482911,0.0545759912649729,0.029605570014735,0,0,0.170973300810186,0.0878726383763355,0.183121590869293
"369","SRAE_X000221900",0,0,0,0,0.0350366059662037,0,0.0546408045616185,0,0,0,0,0,0,0
"370","SRAE_X000226100",0,0,0.0929812300298522,0.167151440253538,0.19965130345809,0,0.0693092411294451,0.0520334306366197,0.0641843009299691,0.10079839806115,0.140840407150639,0,0,0.0521609417914554
"371","SRAE_X000226500",0,0,0.0296894258974955,0,0.0329966527426986,0,0.0290926721897055,0.0526943387077151,0.0298378965581039,0.0502292014309565,0.0661553812924918,0.0444966068160585,0.0290151853086055,0.0530972991523703
"372","SRAE_X000231700",0,0,0,0.0502636395122273,0.0993882709001596,0,0.0292869814367254,0,0.0300515154063232,0.101159606427008,0.0664177239055657,0.0891251580355389,0.0583145358586786,0
"373","SRAE_X000231800",0,0,0,0,0.0331706618179948,0,0,0,0.0297730256636501,0,0,0,0,0
"374","SRAE_X000231850",0,0.183126924701305,0.0589300924190075,0,0.0330616786613534,0.136123259898842,0.028670723272775,0.0518945337145257,0.0590954185216421,0.100245648199916,0,0.0909903398666581,0.0574759524882725,0.0520514811689666
"375","SRAE_X000232100",0,0,0.02961575412989,0,0,0.0458370019970606,0,0.156260697387028,0,0,0,0,0.0577427413296607,0
"376","SRAE_X000232200",0,0,0,0,0,0,0.028699791739867,0,0,0,0,0,0.0577560464598785,0
"377","SRAE_X000232300",0,0,0.0296302197994696,0.0502236160492309,0.0664585201086918,0.136711711078814,0.173022946625854,0.104399404080807,0.029713097719204,0,0,0,0.0577983579423171,0
"378","SRAE_X000233200",0,0.351989358430487,0.0295346073806007,0,0,0.0915060318368592,0.028695188440321,0.0519323406355672,0.0296018401041492,0,0,0.091738664044822,0.0287902473193636,0
"379","SRAE_X000233300",0,0,0,0,0,0,0,0,0,0,0,0,0.0288430767515871,0
"380","SRAE_X000233400",0.106425997665305,0,0.0905224619588521,0,0,0,0.176271878531053,0.053183080987098,0.0302599808164952,0,0.101779031730586,0.0928629066420219,0.0882997498171278,0.0533650012256487
"381","SRAE_X000233700",0,0,0.0591881674641633,0.100300191628228,0,0,0.0288064492338342,0,0,0,0.035077060986752,0,0,0.0564058885213048
"382","SRAE_X000233800",0,0,0,0,0,4.0664486129175e-08,0.0573686254970366,6.70309041803704e-09,0,9.88896389371322e-08,4.5795277151762e-09,0,0,0
"383","SRAE_X000233900",0.284739121243486,0,0.0144159378893495,0,0,0.0209438550850788,0,0.0266227102931545,0,0,0,0,0.0285205977903199,0.0543587515181009
"384","SRAE_X000234000",0.0337202173580892,0,0.0152109957447541,0.025737035875673,0,0,0.0148251632098883,0.0536884438083987,0,0,0.0170693067527004,0.0776100834620001,0.0890456443303801,0.215556019541961
"385","SRAE_X000234300",0,0,0.029537669850621,0,0,0,0,0,0.0297158055805605,0,0,0,0,0
"386","SRAE_X000234400",0,0,0.0884135344968019,0,0.0343713285344269,0,0.0283048508051754,0,0.0580412863159192,0,0.0337446356627426,0,0,0
"387","SRAE_X000234500",0,0,0,0,0,0.0466374513734563,0,0.0522717325353073,0,0,0.0331394584970401,0.049272681426792,0.0535001665460944,0
"388","SRAE_X000234600",0,0,0.0592734359525865,0,0.133193548660574,0.0458497274822146,0.0576061197217017,0,0.0297067219874282,0.0504511752920428,0,0.0459667239180071,0,0
"389","SRAE_X000234700",0,0,0.118447927236842,0,0.033274262733142,0,0.0287768683040418,0.0520813559610345,0.118725179427897,0.0504118224646488,0.0667840122324912,0.0459436834168665,0.0288678031034178,0
"390","SRAE_X000234800",0,0,0.0696097366750418,0,0,0.0457180872712396,0,0.104429686665668,0.0297360846205422,0.1513743928433,0.133593671246503,0.0458411092418269,0.0578447953598539,0
"391","SRAE_X000234900",0,0,0.0289430189658408,0,0.141012841862904,0,0,0,0.0883439685120418,0,0,0,0.0272128741309252,0.0538114135455899
"392","SRAE_X000235000",0,0.190370334721625,0.0294056628994217,0.0497894214191015,0,0.0450153911712855,0.0286430217252322,0,0.058983175563978,0.0499583811345826,0.0330322617915267,0.0451499908863262,0.0557613921185664,0
"393","SRAE_X000235200",0,0,0,0,0.0166482790309188,0.0458716464861353,0.0143944842384663,0.0260513753749691,0,0,0,0.0229943009640324,0.0288819539284959,0
"394","SRAE_X000235400",0,0,0,0,0.0166482790309188,0.0458716464861353,0.0143944842384663,0.0260513753749691,0,0,0,0.0229943009640324,0.0288819539284959,0
"395","SRAE_X000235600",0,0,0,0,0,0,0,0,0,0,0,0,0,0
"396","SRAE_X000235800",0,0,0.040808527552156,0.100549660408224,0.0665653907512538,0.0458344437090324,0.0287862254378967,0,0.0890709029775758,0.0730877214600704,0,0,0,0
"397","SRAE_X000235900",0,0.0286396228906231,0.0532406710202349,0.00707029761163447,0.0710438474747467,0.137170568310208,0,0,0.136580577130145,0,0.105070551410253,0,0.0369566955105735,0
"398","SRAE_X000236000",0,0,0,0,0,0.0459893587912005,0,0,0,0,0,0,0,0
"399","SRAE_X000236100",0.622202526200886,0,0.0337683920736569,0,0.0781214847932309,0,0,0,0.0337465498619196,0.0631636157701362,0.038375602513972,0,0,0
"400","SRAE_X000236200",0.0409024039053873,0,0,0,0,0,0,0,0,0,0,0,0,0
"401","SRAE_X000236700",0,0,0.0592205161312804,0.05022242630248,0.132937780851784,0.0456421254164609,0.0288065978713334,0.0521368277104108,0.0296909589971645,0.10075995864488,0,0,0.0577571824481572,0.0522924723695
"402","SRAE_X000236800",0,0,0,0.050218314433272,0,0.0450596008224118,0.0290180187596869,0,0.0298294582019232,0,0,0,0.0290184927388402,0
"403","SRAE_X000236900",0,0,0.177621202440385,0.0502684309510126,0.0332869562302526,0.045908441073271,0.0287550198991141,0,0.148343745062473,0,0,0,0,0.104329866244345
"404","SRAE_X000237000",0,0,0.0300669533485212,0,0,0,0.0293718399855145,0,0.0608531554131381,0,0,0.0433090294460902,0,0
"405","SRAE_X000237300",0,0,0.0592351104695073,0,0.0664965091234342,0,0,0,0.0593857803056248,0.0503978188537004,0,0,0,0
"406","SRAE_X000237900",0,0,0.0726451305667216,0,0,0,0,0,0,0,0,0,0,0
"407","SRAE_X000238200",0,0,0,0,0,0,0.0580749857805339,0.158267941888391,0,0,0,0.0440119710802355,0.0288915625729102,0.0531885795987458
"408","SRAE_X000239350",0,0,0,0,0,0,0,0,0,0,0,0,0,0
"409","SRAE_X000239500",0,0.380488608953152,0,0.0247286412252524,0,0.0223435930502009,0,0.025765452024459,0.0146508087573326,0.0496269477479439,0,0,0.0142500747570832,0
"410","SRAE_X000239600",0,0,0.0296785206328804,0.0501941949319208,0.0331760792884118,0,0,0,0.0595313005979323,0.1007390096904,0.033281543825885,0,0.0289600987549501,0
"411","SRAE_X000239700",0,0.380488608953152,0,0.0247286412252524,0,0.0223435930502009,0,0.025765452024459,0.0146508087573326,0.0496269477479439,0,0,0.0142500747570832,0
"412","SRAE_X000240200",0,0,0.0579970339804715,0.107292155330782,0,0,0.0137289208509179,0,0.0604720363668431,0.0550299130092427,0.0655931300447188,0,0.0332269611661775,0
"413","SRAE_X000243700",0,0,0,0,0,0,0,0,0,0,0,0,0,0
"414","SRAE_X000246550",0,0,0,0,0,0.0456833368422526,0.0577005666281755,0,0,0,0,0,0.0289199613437112,0
"415","SRAE_X000248800",0,0.376376962793088,0,0,0.0326592470158131,0.133990601938189,0.0568074156122874,0,0,0,0,0,0.0853420004382291,0.0516026349355374
"416","SRAE_X000254300",0,0,0,0,0,0,0.0863680686759986,0,0,0,0.0334234934912415,0.0920270092240716,0,0
